i,j,profit,k,budget
8,0,0.003952,0,0.362819
8,1,0.003953,0,0.692781
8,2,0.005498,0,0.568602
8,3,0.003619,0,0.432966
8,4,0.003576,0,0.540555
