i,j,profit,k,budget
6,0,0.002302,0,0.776896
6,1,0.005587,0,0.867216
6,2,0.004420,0,0.805439
6,3,0.003769,0,0.875795
6,4,0.004276,0,0.642550
6,5,0.003844,0,0.784049
6,6,0.005191,0,0.897792
6,7,0.003703,0,0.808873
6,8,0.002191,0,0.715874
6,9,0.006159,0,0.667705
6,10,0.004727,0,0.648916
6,11,0.011891,0,0.435239
6,12,0.005880,0,0.884245
