i,j,profit,k,budget
1,0,0.000695,0,0.017659
1,1,0.001103,0,0.272917
1,2,0.000345,0,0.282923
1,3,0.000771,0,0.357699
1,4,0.000385,0,0.194918
1,5,0.000329,0,0.274299
