i,j,profit,k,budget
5,0,0.066921,0,0.359831
5,1,0.005091,0,0.021078
5,2,0.024635,0,0.045439
5,3,0.079388,0,0.325338
5,4,0.065106,0,0.280926
