i,j,profit,k,budget
0,0,0.004688,0,0.786180
0,1,0.000804,0,0.790890
0,2,0.000132,0,0.843738
0,3,0.006613,0,0.726186
0,4,0.000252,0,0.764038
0,5,0.000320,0,0.592201
0,6,0.000887,0,0.799043
