i,j,profit,k,budget
9,0,0.037842,0,0.136873
9,1,0.039046,0,0.212087
9,2,0.020916,0,0.083373
9,3,0.023021,0,0.077782
9,4,0.014192,0,0.162166
9,5,0.010450,0,0.095179
9,6,0.008538,0,0.053134
9,7,0.035315,0,0.174332
